Query_Text,Original_Article,Author,Date,Type,Databases,Link
Does vitamin D help with depression symptoms?,The effect of vitamin D supplementation on depression: a systematic review and dose–response meta-analysis of randomized controlled trials,Shadi Ghaemi,2024,meta-analysis,Semantic Scholar,https://www.semanticscholar.org/paper/The-effect-of-vitamin-D-supplementation-on-a-review-Ghaemi-Zeraattalab-Motlagh/297b0625047d802a794aff7cf032672062e84dec?utm_source=direct_link
Does vitamin D help with depression symptoms?,The effect of vitamin D supplementation on depressive symptoms in adults: A systematic review and meta‐analysis of randomized controlled trials,Tuomas Mokola ,2022,Meta‐analyses,Google Scholar,https://www.tandfonline.com/doi/full/10.1080/10408398.2022.2096560
Does vitamin D help with depression symptoms?,Vitamin D supplementation improves anxiety but not depression symptoms in patients with vitamin D deficiency,Cuizhen Zhu,2020,Clinical trial,Semantic Scholar,https://onlinelibrary.wiley.com/doi/10.1002/brb3.1760
Can taking vitamin D improve mood or depressive symptoms?,Impact of Vitamin D Status and Supplementation on Brain-Derived Neurotrophic Factor and Mood–Cognitive Outcomes: A Structured Narrative Review,Aleksandra Skoczek-Rubińska,2025,Review,Semantic Scholar,https://www.semanticscholar.org/paper/Impact-of-Vitamin-D-Status-and-Supplementation-on-A-Skoczek-Rubi%C5%84ska-Cisek-Wo%C5%BAniak/b6c1315d9f45fbf1d88dd5e67307a02d27aefbd6?utm_source=direct_link
Can taking vitamin D improve mood or depressive symptoms?,Effects of vitamin D supplementation on depression and some involved neurotransmitters,Mina Kaviani ,2020,clinical trial,Google Scholar,https://www.sciencedirect.com/science/article/abs/pii/S0165032719333713
Can taking vitamin D improve mood or depressive symptoms?,The effectiveness of vitamin D supplementation in reducing depressive symptoms: A systematic review and meta-analysis of Randomized Controlled Trials (RCTs),T. Albuloshi,2022,RCT,Semantic Scholar,https://www.semanticscholar.org/paper/The-effectiveness-of-vitamin-D-supplementation-in-A-Albuloshi-Dimala/ceebd2a9d321043c44cb32b23a6e77b2c563f017?utm_source=direct_link
Is vitamin D good for mental health?,The effect of vitamin D supplement on negative emotions: A systematic review and meta-analysis,Ying-Chih Cheng,2020,RCT,Google Scholar,https://onlinelibrary.wiley.com/doi/abs/10.1002/da.23025
Is vitamin D good for mental health?,VITAMIN D AND DEPRESSION,Puji Rizki Suryani,2025,Review,Semantic Scholar,https://www.semanticscholar.org/paper/VITAMIN-D-AND-DEPRESSION-Suryani-Zulissetiana/e4221b606c55cc036d1beeddd8f5c9a287e9a088?utm_source=direct_link
Is vitamin D good for mental health?,Association between Vitamin D Supplementation and Mental Health in Healthy Adults: A Systematic Review,Dominika Guzek ,2021,systematic review,Google Scholar,https://www.mdpi.com/2077-0383/10/21/5156
What is the association between vitamin D status and depressive symptom severity in adults?,Vitamin D and Depression: The Evidence from an Indirect Clue to Treatment Strategy,Sok Kuan Wong,2018,review,PubMed,https://pubmed.ncbi.nlm.nih.gov/28914205/
What is the association between vitamin D status and depressive symptom severity in adults?,Latent profile analysis of vitamin D and its association with depression severity of hospitalized patients with bipolar depression,Xiabing Zheng,2024,review,PubMed,https://pubmed.ncbi.nlm.nih.gov/38808700/
What is the association between vitamin D status and depressive symptom severity in adults?,Vitamin D3 supplementation and treatment outcomes in patients with depression (D3-vit-dep),Jens Peter Hansen ,2019,Clinical Trial,PubMed,https://pubmed.ncbi.nlm.nih.gov/30944021/
Can cholecalciferol improve affective disorder outcomes?,Serum Ghrelin and Leptin Concentrations in Patients with Major Depressive Disorder before and after Supplementation with Vitamin D3,Shareefa AlGhamdi,2024,"Research Support, Non-U.S. Gov't",PubMed,https://pubmed.ncbi.nlm.nih.gov/40226697/
Can cholecalciferol improve affective disorder outcomes?,Vitamin D3 Supplemental Treatment for Mania in Youth with Bipolar Spectrum Disorders,Elif M Sikoglu,2015,Research Support,PubMed,https://pubmed.ncbi.nlm.nih.gov/26091195/
Can cholecalciferol improve affective disorder outcomes?,"Efficacy of High-Dose Supplementation With Oral Vitamin D3 on Depressive Symptoms in Dialysis Patients With Vitamin D3 Insufficiency: A Prospective, Randomized, Double-Blind Study",Ying Wang,2016,RST,PubMed,https://pubmed.ncbi.nlm.nih.gov/27022679/
How does serum 25(OH)D concentration relate to depressive symptoms across populations?,Convergent evidence linking neonatal vitamin D status and risk of neurodevelopmental disorders: a Danish case,Henriette Thisted Horsdal,2025,cohort study,PubMed,https://pubmed.ncbi.nlm.nih.gov/40379361/
How does serum 25(OH)D concentration relate to depressive symptoms across populations?,Association of depressive symptoms with 25(OH) vitamin D in hemodialysis patients and effect of gender,Yasemin Coskun Yavuz,2020,Comparative Study,PubMed,https://pubmed.ncbi.nlm.nih.gov/31544220/
How does serum 25(OH)D concentration relate to depressive symptoms across populations?,Vitamin D Deficiency Is Associated With an Increased Likelihood of Incident Depression in Community-Dwelling Older Adults,Robert Briggs,2018,"Research Support, Non-U.S. Gov't",PubMed,https://pubmed.ncbi.nlm.nih.gov/30470577/
Does vitamin D supplementation reduce depressive symptom scores on standard scales?,Vitamin D3 supplementation in multiple sclerosis: Symptoms and biomarkers of depression,Linda Rolf,2017,RST,PubMed,https://pubmed.ncbi.nlm.nih.gov/28566173/
Does vitamin D supplementation reduce depressive symptom scores on standard scales?,"Vitamin D levels and perinatal depressive symptoms in women at risk: a secondary analysis of the mothers, omega-3, and mental health study",Jennifer Anne Williams,2019,RST,Semantic Scholar,https://www.semanticscholar.org/paper/A-systematic-meta-review-of-predictors-of-treatment-Perlman-Benrimoh/26e9c89e97588fc4e6fc9e4b270839dc8a0db979
Does vitamin D supplementation reduce depressive symptom scores on standard scales?,Vitamin D3 supplementation and treatment outcomes in patients with depression (D3-vit-dep),Jens Peter Hansen ,2019,Clinical Trial,PubMed,https://pubmed.ncbi.nlm.nih.gov/30944021/
What is the effect of vitamin D on symptom severity rather than diagnosis of major depression?,Vitamin D supplementation in people with IBS has no effect on symptom severity and quality of life: results of a randomised controlled trial,Claire E Williams,2021,RST,PubMed,https://pubmed.ncbi.nlm.nih.gov/34328539/
What is the effect of vitamin D on symptom severity rather than diagnosis of major depression?,Effect of High-Dose Vitamin D Supplementation on Upper Respiratory Tract Infection Symptom Severity in Healthy Children,Katrina Hueniken,2019,RST,PubMed,https://pubmed.ncbi.nlm.nih.gov/30399024/
What is the effect of vitamin D on symptom severity rather than diagnosis of major depression?,High-Dose Vitamin D in Clinically Isolated Syndrome Typical of Multiple Sclerosis: The D-Lay MS Randomized Clinical Trial,Eric Thouvenot,2025,RST,PubMed,https://pubmed.ncbi.nlm.nih.gov/40063041/
"Which outcomes show improvement (symptom score, remission, response) after vitamin D supplementation?",The impact of vitamin D supplementation as an adjuvant therapy on clinical outcomes in patients with severe atopic dermatitis: A randomized controlled trial,Noha O Mansour,2020,RST,PubMed,https://pubmed.ncbi.nlm.nih.gov/33145984/
"Which outcomes show improvement (symptom score, remission, response) after vitamin D supplementation?",Effect of Vitamin D Supplementation on Graves' Disease: The DAGMAR Trial,Diana Grove-Laugesen,2023,RST,PubMed,https://pubmed.ncbi.nlm.nih.gov/37218433/
"Which outcomes show improvement (symptom score, remission, response) after vitamin D supplementation?",Vitamin D Supplementation Improves Pathological Complete Response in Breast Cancer Patients Undergoing Neoadjuvant Chemotherapy: A Randomized Clinical Trial,Michelle Sako Omodei,2025,RST,PubMed,https://pubmed.ncbi.nlm.nih.gov/40098326/
"In people with clinically significant depressive symptoms, does vitamin D supplementation improve symptoms?",The effect of vitamin D supplementation on primary depression: A meta-analysis,Rui Wang,2023,Meta-Analysis,PubMed,https://pubmed.ncbi.nlm.nih.gov/37852593/
"In people with clinically significant depressive symptoms, does vitamin D supplementation improve symptoms?",Vitamin D Supplementation for the Treatment of Depressive Symptoms in Women with Type 2 Diabetes: A Randomized Clinical Trial,Sue Penckofer,2022,RST,PubMed,https://pubmed.ncbi.nlm.nih.gov/35280228/
"In people with clinically significant depressive symptoms, does vitamin D supplementation improve symptoms?",The Effect of Vitamin D Supplementation on Symptoms of Depression in Patients with Type 2 Diabetes Mellitus: A Systematic Review and Meta-Analysis of Randomized Controlled Trials.,Rudi Putranto,2022,Systematic Review,Semantic Scholar,https://www.semanticscholar.org/paper/The-Effect-of-Vitamin-D-Supplementation-on-Symptoms-Putranto-Harimurti/4c0563ce42478370046d69ffbf1d0f56e8a6083d
"Among individuals with vitamin D deficiency, are depressive symptoms different after supplementation?","Effects of cholecalciferol supplementation on depressive symptoms, C-peptide, serotonin, and neurotrophin-3 in type 2 diabetes mellitus: A double-blind, randomized, placebo-controlled trial",Rudi Putranto,2024,RST,PubMed,https://pubmed.ncbi.nlm.nih.gov/39816051/
"Among individuals with vitamin D deficiency, are depressive symptoms different after supplementation?",Does Vitamin D3 Supplementation Improve Depression Scores among Rural Adolescents? A Randomized Controlled Trial,Pradeep Tarikere Satyanarayana,2024,RST,PubMed,https://pubmed.ncbi.nlm.nih.gov/38931184/
"Among individuals with vitamin D deficiency, are depressive symptoms different after supplementation?",Effects of vitamin D supplementation on symptoms and clinical outcomes in adults with different baseline vitamin D levels: an interventional study,"Osama Albasheer,",2025,an interventional study,Semantic Scholar,https://www.semanticscholar.org/paper/Effects-of-vitamin-D-supplementation-on-symptoms-in-Albasheer-Abdelwahab/819992794343e818382dcfdd948193d3c600be65
"In adolescents or young adults, is vitamin D related to depressive symptoms or mood outcomes?",Effect of Vitamin D Supplementation on Depressive Symptoms in Chinese Early Adolescents,Yuan Mengyuan,2025,clinical trial,ClinicalTrials.gov,"https://clinicaltrials.gov/study/NCT06247930?cond=Depressive,%20Symptoms%20Depressive%20Disorder,%20Depression&term=intervention%20studies&intr=Vitamin%20D%20supplementation&rank=3"
"In adolescents or young adults, is vitamin D related to depressive symptoms or mood outcomes?",Prevalence of Depression in Medical Staff in KSA: Cross Sectional Study,Eman Abdulaziz Balbaid,2021,Cross Sectional Study,Semantic Scholar,https://www.semanticscholar.org/paper/Prevalence-of-Depression-in-Medical-Staff-in-KSA%3A-Balbaid-Abousada/d2bd3b48519862d3b91b35bad2736bc8d804a198
"In adolescents or young adults, is vitamin D related to depressive symptoms or mood outcomes?","Knowledge and practice of vitamin D deficiency among people lives in Riyadh, Saudi Arabia-A cross-sectional study",Salmeen D Babelghaith,2017,A cross-sectional study,Semantic Scholar,https://www.semanticscholar.org/paper/Knowledge-and-practice-of-vitamin-D-deficiency-in-Babelghaith-Wajid/70c2e7278c09d02998fc96068199b77ef8874037
What intervention studies have tested vitamin D supplementation for depressive symptoms?,Supplementation and Depressive Symptomatology Incidence Among Saudi Arabian Adults,Rashel S. Khaddaj,2023,Clinical Trial study,ClinicalTrials.gov,"https://clinicaltrials.gov/study/NCT05916053?cond=Depressive,%20Symptoms%20Depressive%20Disorder,%20Depression&term=intervention%20studies&intr=Vitamin%20D%20supplementation&rank=2&tab=researcher"
What intervention studies have tested vitamin D supplementation for depressive symptoms?,Follow-up Study With Randomized Clinical Vitamin D Supplementation Trial on Patients With Depression (DepFuD),Kuopio University Hospital,2025,RST,ClinicalTrials.gov,"https://clinicaltrials.gov/study/NCT02521012?cond=Depressive,%20Symptoms%20Depressive%20Disorder,%20Depression&intr=Vitamin%20D%20supplementation&rank=2&tab=study"
What intervention studies have tested vitamin D supplementation for depressive symptoms?,Effects of Vitamin D3 and Marine Omega-3 Fatty Acids Supplementation on Indicated and Selective Prevention of Depression in Older Adults: Results From the Clinical Center Sub-Cohort of the VITamin D and OmegA-3 TriaL (VITAL),Chirag M Vyas,2023,RST,PubMed,https://pubmed.ncbi.nlm.nih.gov/37378490/
What intervention studies have tested vitamin D supplementation for depressive symptoms?,"A double-blind, randomized, placebo-controlled trial of Lactobacillus helveticus and Bifidobacterium longum for the symptoms of depression",Amy R Romijn,2017,RST,PubMed,https://pubmed.ncbi.nlm.nih.gov/28068788/
What do trials examining vitamin D and depressive symptoms generally find about symptom change?,Effect of vitamin D deficiency on depressive symptoms in child and adolescent psychiatric patients: results of a randomized controlled trial,Lars Libuda,2020,RST,PubMed,https://pubmed.ncbi.nlm.nih.gov/32108263/
What do trials examining vitamin D and depressive symptoms generally find about symptom change?,Dietary interventions for perinatal depression and anxiety: a systematic review and meta-analysis of randomized controlled trials,Zoe Tsai,2023,Meta-Analysis,PubMed,https://pubmed.ncbi.nlm.nih.gov/37019362/
What do trials examining vitamin D and depressive symptoms generally find about symptom change?,Vitamin D and symptoms of depression in overweight or obese adults: A cross-sectional study and randomized placebo-controlled trial,Aya Mousa,2017,RST,PubMed,https://pubmed.ncbi.nlm.nih.gov/28803880/
What do trials examining vitamin D and depressive symptoms generally find about symptom change?,Effects of vitamin D supplementation on depressive symptoms in type 2 diabetes mellitus patients: Randomized placebo-controlled double-blind clinical trial,Mahsa Omidian,2019,RST,PubMed,https://pubmed.ncbi.nlm.nih.gov/31405646/
What study designs provide the clearest evidence on whether vitamin D affects depressive symptoms?,Vitamin D Supplementation and Effects on Mood in Emergency Medicine Residents,Corewell Health South,2024,the individual surveys,ClinicalTrials.gov,"https://clinicaltrials.gov/study/NCT03739671?cond=Depressive,%20Symptoms%20Depressive%20Disorder,%20Depression&intr=Vitamin%20D%20supplementation&rank=5"
What study designs provide the clearest evidence on whether vitamin D affects depressive symptoms?,Effects of vitamin D supplementation on depression and some involved neurotransmitters,Mina Kaviani,2020,RST,PubMed,https://pubmed.ncbi.nlm.nih.gov/32217340/
What study designs provide the clearest evidence on whether vitamin D affects depressive symptoms?,Effectiveness of Vitamin D on Neurological and Mental Disorders,Shareefa Abdullah AlGhamdi,2024,review,PubMed,https://pubmed.ncbi.nlm.nih.gov/38920563/
What study designs provide the clearest evidence on whether vitamin D affects depressive symptoms?,Synergistic impact of 25-hydroxyvitamin D and physical activity on incident depression: Evidence from a prospective cohort and genome-wide data,Xin Xu,2025,a longitudinal analysis,PubMed,https://pubmed.ncbi.nlm.nih.gov/40044081/
How has evidence on vitamin D supplementation and depressive symptoms changed over the last 10–15 years?,Changes in vitamin D levels and depressive symptoms in later life in England,Giorgio Di Gessa,2021,"Research Support, Non-U.S. Gov't",PubMed,https://pubmed.ncbi.nlm.nih.gov/33833363/
How has evidence on vitamin D supplementation and depressive symptoms changed over the last 10–15 years?,Vitamin D deficiency may exacerbate the role of metal exposure in depression: A cross-sectional analysis of NHANES data from 2007 to 2018,Huiwen Gu,2024,A cross-sectional analysis,PubMed,https://pubmed.ncbi.nlm.nih.gov/39142580/
"My doctor says my vitamin D is fine, but I'm convinced it's causing my depression. Am I wrong?",Vitamin D and depression in adults: A systematic review,Vlad Dionisie,2025,Systematic Review,PubMed,https://pubmed.ncbi.nlm.nih.gov/40322928/
"My doctor says my vitamin D is fine, but I'm convinced it's causing my depression. Am I wrong?",Role of Vitamins in Neurodegenerative Diseases: A Review,Ravi Ranjan Kumar,2022,review,PubMed,https://pubmed.ncbi.nlm.nih.gov/34802410/
"My doctor says my vitamin D is fine, but I'm convinced it's causing my depression. Am I wrong?",The role of vitamin D in depression and anxiety disorders: a review of the literature,Karisa Renteria,2023,review,PubMed,https://pubmed.ncbi.nlm.nih.gov/36877601/
"My doctor says my vitamin D is fine, but I'm convinced it's causing my depression. Am I wrong?",Vitamin D does not reduce depressive symptoms on primary depression: Critical appraisal and re-analysis of Wang et al.,Igor Eckert,2025,Letter,PubMed,https://pubmed.ncbi.nlm.nih.gov/40015647/
